experiment_id,code,role,affect,valence,arousal,imageability,concreteness,frequency,length,n_anpw
exp1,n01,nonsolvable,NA,4.04,5.04,7.48,3.22,2.7570066321503335,6.333333333333333,1
exp1,n02,nonsolvable,NA,6.5,4.68,7.42,2.8,2.7252965621826135,6.333333333333333,1
exp1,n03,nonsolvable,NA,NA,NA,NA,NA,2.84454715938685,8,0
exp1,n04,nonsolvable,NA,6.68,3.5,7.88,2.24,2.78737936048853,5,1
exp1,n05,nonsolvable,NA,5.46,2.9,8.16,1.88,3.273394174424295,6,1
exp1,n06,nonsolvable,NA,NA,NA,NA,NA,1.99006307264667,7,0
exp1,n07,nonsolvable,NA,4.92,3.82,7.98,1.92,2.98908554756954,6.333333333333333,1
exp1,n08,nonsolvable,NA,5.6,3.42,8.02,2.12,4.0976807511127,4.666666666666667,1
exp1,n09,nonsolvable,NA,5.62,3.2866666666666666,7.24,2.6133333333333333,3.40450459043142,6.333333333333333,3
exp1,n10,nonsolvable,NA,5.2,3.7,7.98,1.64,3.7331039315119767,7,1
exp1,n11,nonsolvable,NA,5.73,3.2699999999999996,7.859999999999999,1.94,2.57861825225853,7,2
exp1,n12,nonsolvable,NA,6.05,3.62,6.85,3.77,3.50256890065986,6.666666666666667,2
exp1,n13,nonsolvable,NA,5.18,2.86,8.34,1.44,2.832712422029043,6.666666666666667,1
exp1,n14,nonsolvable,NA,5.109999999999999,2.96,8.01,1.8399999999999999,3.26705990645972,4.666666666666667,2
exp1,n15,nonsolvable,NA,NA,NA,NA,NA,3.1280941787548033,5.666666666666667,0
exp1,r01,solvable,Positive,5.48,3.81,6.55,3.39,3.8775095613254966,6.666666666666667,2
exp1,r02,solvable,Positive,6.27,4.57,5.58,4.87,3.81540636455843,6.666666666666667,2
exp1,r03,solvable,Positive,5.960434782608695,4.11673469387755,6.835,3.45,2.6516602160188234,5.666666666666667,2
exp1,r04,solvable,Positive,5.941224489795919,3.8099999999999996,7.76,2.59,3.27072066845368,6,2
exp1,r05,solvable,Negative,4.94,3.52,7.2,2.66,3.779790946356927,4.666666666666667,1
exp1,r06,solvable,Negative,4.973333333333334,3.8331972789115634,7.24,2.8466666666666667,4.21357170782765,6.333333333333333,3
exp1,r07,solvable,Negative,3.8333333333333335,4.726666666666667,6.84,2.9994557823129266,3.9318249420048135,4.666666666666667,3
exp1,r08,solvable,Negative,5.9,2.8099999999999996,8.07,1.9300000000000002,4.338375580871153,5,2
exp1,r09,solvable,Negative,4.44,4.42,8.24,3.14,3.6106806577031434,5.333333333333333,2
exp1,r10,solvable,Neutral,5.82,3.36,7.633333333333334,3.0733333333333333,4.293739948466174,5.333333333333333,3
exp1,r11,solvable,Neutral,5.26,3.66,7.06,1.86,3.7505651014680166,5.333333333333333,1
exp1,r12,solvable,Neutral,4.09,4.02,6.1899999999999995,2.79,3.574707650269887,5.333333333333333,2
exp1,r13,solvable,Neutral,NA,NA,NA,NA,2.4299537745533466,8.333333333333334,0
exp1,r14,solvable,Neutral,6.1,3.38,7.7,2.42,2.7444102675018,7,1
exp1,r15,solvable,Positive,5.22,2.93877551020408,8.2,1.94,3.1961873855553002,7,1
exp2,n01,nonsolvable,NA,5.23156462585034,3.1133333333333333,8.013333333333334,1.9322448979591833,3.20218069182501,6,3
exp2,n02,nonsolvable,NA,4.92,3.82,7.98,1.92,2.98908554756954,6.333333333333333,1
exp2,n03,nonsolvable,NA,6.5,4.68,7.42,2.8,2.7252965621826135,6.333333333333333,1
exp2,n04,nonsolvable,NA,NA,NA,NA,NA,2.84454715938685,8,0
exp2,n05,nonsolvable,NA,5.6,3.42,8.02,2.12,4.0976807511127,4.666666666666667,1
exp2,n06,nonsolvable,NA,5.739999999999999,3.46,8.073333333333334,1.94,3.289811193361247,7,3
exp2,n07,nonsolvable,NA,6.040816326530614,3.36,7.8102777777777765,1.82639455782313,3.5977460486414232,5,3
exp2,n08,nonsolvable,NA,5.357551020408165,3.2800000000000002,7.890000000000001,1.76,3.3740239515703934,5,2
exp2,n09,nonsolvable,NA,NA,NA,NA,NA,1.99006307264667,7,0
exp2,n10,nonsolvable,NA,6.68,3.5,7.88,2.24,2.78737936048853,5,1
exp2,n11,nonsolvable,NA,5.62,3.2866666666666666,7.24,2.6133333333333333,3.40450459043142,6.333333333333333,3
exp2,n12,nonsolvable,NA,5.8100000000000005,3.49,6.6,3.41,4.194862381051434,5,2
exp2,n13,nonsolvable,NA,5.73,3.2699999999999996,7.859999999999999,1.94,2.57861825225853,7,2
exp2,n14,nonsolvable,NA,6.05,3.62,6.85,3.77,3.50256890065986,6.666666666666667,2
exp2,n15,nonsolvable,NA,5.18,2.86,8.34,1.44,2.832712422029043,6.666666666666667,1
exp2,n16,nonsolvable,NA,5.109999999999999,2.96,8.01,1.8399999999999999,3.26705990645972,4.666666666666667,2
exp2,n17,nonsolvable,NA,NA,NA,NA,NA,3.1280941787548033,5.666666666666667,0
exp2,n18,nonsolvable,NA,4.04,5.04,7.48,3.22,2.7570066321503335,6.333333333333333,1
exp2,neg01,solvable,Negative,4.94,3.52,7.2,2.66,3.779790946356927,4.666666666666667,1
exp2,neg02,solvable,Negative,4.973333333333334,3.8331972789115634,7.24,2.8466666666666667,4.21357170782765,6.333333333333333,3
exp2,neg03,solvable,Negative,3.8333333333333335,4.726666666666667,6.84,2.9994557823129266,3.9318249420048135,4.666666666666667,3
exp2,neg04,solvable,Negative,5.9,2.8099999999999996,8.07,1.9300000000000002,4.338375580871153,5,2
exp2,neg05,solvable,Negative,4.44,4.42,8.24,3.14,3.6106806577031434,5.333333333333333,2
exp2,neg06,solvable,Negative,5.7,3.28,7.52,2.02,3.55937154252577,6,1
exp2,neu01,solvable,Neutral,5.82,3.36,7.633333333333334,3.0733333333333333,4.293739948466174,5.333333333333333,3
exp2,neu02,solvable,Neutral,5.26,3.66,7.06,1.86,3.7505651014680166,5.333333333333333,1
exp2,neu03,solvable,Neutral,4.09,4.02,6.1899999999999995,2.79,3.574707650269887,5.333333333333333,2
exp2,neu04,solvable,Neutral,NA,NA,NA,NA,2.4299537745533466,8.333333333333334,0
exp2,neu05,solvable,Neutral,6.1,3.38,7.7,2.42,2.7444102675018,7,1
exp2,neu06,solvable,Neutral,5.66,3.0700000000000003,5.76,5.18,2.9134815980086866,7,2
exp2,poz01,solvable,Positive,5.48,3.81,6.55,3.39,3.8775095613254966,6.666666666666667,2
exp2,poz02,solvable,Positive,6.27,4.57,5.58,4.87,3.81540636455843,6.666666666666667,2
exp2,poz03,solvable,Positive,5.960434782608695,4.11673469387755,6.835,3.45,2.6516602160188234,5.666666666666667,2
exp2,poz04,solvable,Positive,5.941224489795919,3.8099999999999996,7.76,2.59,3.27072066845368,6,2
exp2,poz05,solvable,Positive,5.22,2.93877551020408,8.2,1.94,3.1961873855553002,7,1
exp2,poz06,solvable,Positive,6.35,3.08,7.31,3.46,4.021525968907147,5.333333333333333,2
