experiment_id,code,role,affect,word_1,word_2,word_3
exp1,n01,nonsolvable,,Buszmen,bitwa,powieka
exp1,n02,nonsolvable,,kubizm,polana,student
exp1,n03,nonsolvable,,chłodnik,dwójka,hieroglify
exp1,n04,nonsolvable,,obrane,owoc,wydmy
exp1,n05,nonsolvable,,igłowa,masło,turecka
exp1,n06,nonsolvable,,cyrylica,kiszka,zamkowy
exp1,n07,nonsolvable,,arlekin,toaleta,żagle
exp1,n08,nonsolvable,,naród,uczeń,łódź
exp1,n09,nonsolvable,,pomidor,skrzynia,suma
exp1,n10,nonsolvable,,Kalahari,cześć,szczotka
exp1,n11,nonsolvable,,dolar,jamnik,surrealizm
exp1,n12,nonsolvable,,drukarka,mleko,zagadka
exp1,n13,nonsolvable,,punktowy,rzymska,łyżka
exp1,n14,nonsolvable,,gapa,krowa,syrop
exp1,n15,nonsolvable,,klaun,krypton,skoki
exp1,r01,solvable,Positive,magazyn,modelka,wygląd
exp1,r02,solvable,Positive,energia,forma,witaminy
exp1,r03,solvable,Positive,graba,piątka,szufla
exp1,r04,solvable,Positive,euro,korona,sakiewka
exp1,r05,solvable,Negative,kąt,mandat,zakaz
exp1,r06,solvable,Negative,toaleta,zapach,śmieci
exp1,r07,solvable,Negative,kat,wyrok,ściana
exp1,r08,solvable,Negative,kamień,płuca,woda
exp1,r09,solvable,Negative,czarny,pająk,renta
exp1,r10,solvable,Neutral,klasa,kościół,park
exp1,r11,solvable,Neutral,fura,maszyna,wózek
exp1,r12,solvable,Neutral,lizak,rana,znaczek
exp1,r13,solvable,Neutral,elektronowy,jonowy,optyczny
exp1,r14,solvable,Neutral,golibroda,malarz,włosie
exp1,r15,solvable,Positive,flaming,okulary,wypieki
exp2,n01,nonsolvable,,beczka,mrówka,szalik
exp2,n02,nonsolvable,,arlekin,toaleta,żagle
exp2,n03,nonsolvable,,kubizm,polana,student
exp2,n04,nonsolvable,,chłodnik,dwójka,hieroglify
exp2,n05,nonsolvable,,naród,uczeń,łódź
exp2,n06,nonsolvable,,huśtawka,kurtka,widelec
exp2,n07,nonsolvable,,okno,suknia,tarta
exp2,n08,nonsolvable,,banan,gazeta,krab
exp2,n09,nonsolvable,,cyrylica,kiszka,zamkowy
exp2,n10,nonsolvable,,obrane,owoc,wydmy
exp2,n11,nonsolvable,,pomidor,skrzynia,suma
exp2,n12,nonsolvable,,cukier,próba,uszy
exp2,n13,nonsolvable,,dolar,jamnik,surrealizm
exp2,n14,nonsolvable,,drukarka,mleko,zagadka
exp2,n15,nonsolvable,,punktowy,rzymska,łyżka
exp2,n16,nonsolvable,,gapa,krowa,syrop
exp2,n17,nonsolvable,,klaun,krypton,skoki
exp2,n18,nonsolvable,,Buszmen,bitwa,powieka
exp2,neg01,solvable,Negative,kąt,mandat,zakaz
exp2,neg02,solvable,Negative,toaleta,zapach,śmieci
exp2,neg03,solvable,Negative,kat,wyrok,ściana
exp2,neg04,solvable,Negative,kamień,płuca,woda
exp2,neg05,solvable,Negative,czarny,pająk,renta
exp2,neg06,solvable,Negative,listopad,napis,płyta
exp2,neu01,solvable,Neutral,klasa,kościół,park
exp2,neu02,solvable,Neutral,fura,maszyna,wózek
exp2,neu03,solvable,Neutral,lizak,rana,znaczek
exp2,neu04,solvable,Neutral,elektronowy,jonowy,optyczny
exp2,neu05,solvable,Neutral,golibroda,malarz,włosie
exp2,neu06,solvable,Neutral,legenda,poziomica,skala
exp2,poz01,solvable,Positive,magazyn,modelka,wygląd
exp2,poz02,solvable,Positive,energia,forma,witaminy
exp2,poz03,solvable,Positive,graba,piątka,szufla
exp2,poz04,solvable,Positive,euro,korona,sakiewka
exp2,poz05,solvable,Positive,flaming,okulary,wypieki
exp2,poz06,solvable,Positive,kolor,pryzmat,woda
