experiment_id,participant_id,block,trial,event,triad_solvable,affect,side_solve,accuracy,accuracy_rt,confidence,solution,sex,age
exp1,001,1,1,n06_r08,r08,Negative,Right,,,,,m,22
exp1,001,1,2,r11_n11,r11,Neutral,Left,1.0,6.604343799999697,5.0,szyna,m,22
exp1,001,1,3,n03_r01,r01,Positive,Right,1.0,7.671656100000291,7.0,moda,m,22
exp1,001,1,4,n10_r14,r14,Neutral,Right,,,,,m,22
exp1,001,1,5,r02_n02,r02,Positive,Left,1.0,3.3005683000001227,7.0,człowiek,m,22
exp1,001,1,6,n05_r05,r05,Negative,Right,1.0,6.602443799999946,6.0,pieniędzy,m,22
exp1,001,1,7,r13_n15,r13,Neutral,Left,1.0,5.44431590000022,6.0,nauka,m,22
exp1,001,1,8,n09_r07,r07,Negative,Right,0.0,6.210043799999767,4.0,/,m,22
exp1,001,1,9,r04_n14,r04,Positive,Left,0.0,8.329380700000002,4.0,edzenie,m,22
exp1,001,1,10,n13_r09,r09,Negative,Right,0.0,9.071018200000251,6.0,znaki,m,22
exp1,001,1,11,r03_n12,r03,Positive,Left,1.0,6.84333579999975,4.0,?,m,22
exp1,001,1,12,n01_r12,r12,Neutral,Right,1.0,8.79179830000021,3.0,?,m,22
exp1,001,1,13,r06_n07,r06,Negative,Left,1.0,4.5670783999999,8.0,dzydkość,m,22
exp1,001,1,14,r15_n04,r15,Positive,Left,1.0,9.281790600000022,6.0,?,m,22
exp1,001,1,15,r10_n08,r10,Neutral,Left,0.0,7.422651899999892,6.0,człowiek,m,22
exp1,002,1,1,n14_r15,r15,Positive,Right,,,,,m,37
exp1,002,1,2,n01_r05,r05,Negative,Right,,,,,m,37
exp1,002,1,3,n02_r03,r03,Positive,Right,1.0,7.874902399999996,10.0,gest,m,37
exp1,002,1,4,r06_n12,r06,Negative,Left,1.0,5.790101600000071,10.0,odpadki,m,37
exp1,002,1,5,n10_r09,r09,Negative,Right,,,,,m,37
exp1,002,1,6,r11_n03,r11,Neutral,Left,1.0,3.341760700000009,10.0,pojazd,m,37
exp1,002,1,7,n07_r14,r14,Neutral,Right,1.0,8.071480300000076,7.0,upiększanie,m,37
exp1,002,1,8,r02_n08,r02,Positive,Left,1.0,4.108901899999978,8.0,,m,37
exp1,002,1,9,n11_r01,r01,Positive,Right,1.0,5.625337300000069,8.0,glamur,m,37
exp1,002,1,10,r10_n09,r10,Neutral,Left,0.0,8.821818800000074,7.0,magazyn,m,37
exp1,002,1,11,n05_r13,r13,Neutral,Right,1.0,5.028840099999911,6.0,oddziaływanie,m,37
exp1,002,1,12,n13_r12,r12,Neutral,Right,,,,,m,37
exp1,002,1,13,r07_n15,r07,Negative,Left,1.0,8.459983899999997,5.0,smierc,m,37
exp1,002,1,14,r08_n04,r08,Negative,Left,1.0,8.171655100000066,7.0,choroba,m,37
exp1,002,1,15,r04_n06,r04,Positive,Left,1.0,6.605489799999987,7.0,pieniadze,m,37
exp1,003,1,1,r11_n06,r11,Neutral,Left,1.0,5.158079900000075,9.0,?,m,26
exp1,003,1,2,n12_r13,r13,Neutral,Right,1.0,5.47953849999999,10.0,mikroskop,m,26
exp1,003,1,3,r01_n01,r01,Positive,Left,1.0,3.8510918000001766,10.0,moda,m,26
exp1,003,1,4,r14_n04,r14,Neutral,Left,1.0,4.839863299999934,10.0,pędzel,m,26
exp1,003,1,5,r10_n14,r10,Neutral,Left,1.0,6.402429399999846,10.0,ławka,m,26
exp1,003,1,6,n15_r02,r02,Positive,Right,1.0,4.094365800000105,10.0,witalność,m,26
exp1,003,1,7,n02_r12,r12,Neutral,Right,1.0,4.393953799999963,8.0,ślina,m,26
exp1,003,1,8,n13_r15,r15,Positive,Right,0.0,8.27764100000013,5.0,?,m,26
exp1,003,1,9,n07_r08,r08,Negative,Right,1.0,7.764947899999925,8.0,,m,26
exp1,003,1,10,n10_r05,r05,Negative,Right,1.0,6.618712799999912,7.0,karny,m,26
exp1,003,1,11,r04_n08,r04,Positive,Left,1.0,7.69499269999983,10.0,pieniądze,m,26
exp1,003,1,12,n05_r09,r09,Negative,Right,1.0,5.821780900000022,10.0,wdowa,m,26
exp1,003,1,13,n03_r07,r07,Negative,Right,1.0,7.509620799999993,10.0,egzekucja,m,26
exp1,003,1,14,n09_r06,r06,Negative,Right,1.0,6.617364700000053,10.0,smród,m,26
exp1,003,1,15,r03_n11,r03,Positive,Left,1.0,5.187482499999987,10.0,ręka,m,26
exp1,004,1,1,n02_r09,r09,Negative,Right,0.0,6.204279000000042,9.0,sztuka,k,26
exp1,004,1,2,n03_r05,r05,Negative,Right,,,,,k,26
exp1,004,1,3,r12_n13,r12,Neutral,Left,1.0,7.036042899999757,3.0,ślina,k,26
exp1,004,1,4,n09_r06,r06,Negative,Right,1.0,5.147236699999667,10.0,smród,k,26
exp1,004,1,5,r03_n15,r03,Positive,Left,1.0,7.872231900000315,9.0,miara,k,26
exp1,004,1,6,r10_n08,r10,Neutral,Left,1.0,5.044426300000396,10.0,miejsce,k,26
exp1,004,1,7,n12_r15,r15,Positive,Right,1.0,6.321999499999947,10.0,wakacje,k,26
exp1,004,1,8,r13_n11,r13,Neutral,Left,1.0,3.626289199999974,10.0,mikroskop,k,26
exp1,004,1,9,n01_r08,r08,Negative,Right,1.0,4.244248099999822,10.0,topielec,k,26
exp1,004,1,10,r01_n04,r01,Positive,Left,1.0,2.9746125000001484,10.0,moda,k,26
exp1,004,1,11,r11_n06,r11,Neutral,Left,1.0,3.2534233000001223,10.0,koła,k,26
exp1,004,1,12,n05_r04,r04,Positive,Right,1.0,4.6842265999998745,10.0,pieniądze,k,26
exp1,004,1,13,n10_r02,r02,Positive,Right,1.0,3.9551877999997487,8.0,aktywność fizyczna,k,26
exp1,004,1,14,n07_r14,r14,Neutral,Right,1.0,4.642107600000145,9.0,pędzel,k,26
exp1,004,1,15,n14_r07,r07,Negative,Right,1.0,3.8827415000000656,8.0,kara,k,26
exp1,005,1,1,r02_n02,r02,Positive,Left,1.0,5.690261100000498,8.0,?,k,28
exp1,005,1,2,n15_r07,r07,Negative,Right,1.0,5.234097200000178,7.0,?,k,28
exp1,005,1,3,r14_n08,r14,Neutral,Left,1.0,6.514990900000157,7.0,?,k,28
exp1,005,1,4,n13_r13,r13,Neutral,Right,1.0,6.571821399999863,9.0,?,k,28
exp1,005,1,5,n07_r01,r01,Positive,Right,1.0,4.347521499999857,10.0,?,k,28
exp1,005,1,6,r03_n06,r03,Positive,Left,1.0,6.036248699999305,10.0,ręka,k,28
exp1,005,1,7,n03_r10,r10,Neutral,Right,1.0,9.303566399999909,8.0,miejsce,k,28
exp1,005,1,8,n04_r05,r05,Negative,Right,1.0,9.625589899999795,9.0,kara,k,28
exp1,005,1,9,n01_r12,r12,Neutral,Right,1.0,4.668868499999917,10.0,do lizania,k,28
exp1,005,1,10,n12_r06,r06,Negative,Right,1.0,3.948463599999741,7.0,brud,k,28
exp1,005,1,11,n11_r09,r09,Negative,Right,,,,,k,28
exp1,005,1,12,n10_r11,r11,Neutral,Right,1.0,4.921277200000077,8.0,środek transportu,k,28
exp1,005,1,13,r04_n09,r04,Positive,Left,1.0,4.186345899999651,10.0,waluta,k,28
exp1,005,1,14,n05_r08,r08,Negative,Right,,,,,k,28
exp1,005,1,15,n14_r15,r15,Positive,Right,1.0,8.821234199999708,4.0,wakacje,k,28
exp1,006,1,1,r08_n04,r08,Negative,Left,,,,,k,25
exp1,006,1,2,n05_r11,r11,Neutral,Right,1.0,5.613529000000085,5.0,pojazd,k,25
exp1,006,1,3,n06_r03,r03,Positive,Right,,,,,k,25
exp1,006,1,4,n07_r01,r01,Positive,Right,1.0,4.325825399999985,6.0,moda,k,25
exp1,006,1,5,r14_n13,r14,Neutral,Left,,,,,k,25
exp1,006,1,6,n12_r05,r05,Negative,Right,1.0,4.116704400000003,7.0,kara,k,25
exp1,006,1,7,n15_r12,r12,Neutral,Right,1.0,6.585800400000039,3.0,dzieciństwo,k,25
exp1,006,1,8,r07_n14,r07,Negative,Left,1.0,8.005072300000052,3.0,kara,k,25
exp1,006,1,9,n09_r10,r10,Neutral,Right,,,,,k,25
exp1,006,1,10,r09_n10,r09,Negative,Left,1.0,5.428854200000046,1.0,?,k,25
exp1,006,1,11,n03_r13,r13,Neutral,Right,1.0,5.704204000000004,9.0,mikroskop,k,25
exp1,006,1,12,r04_n02,r04,Positive,Left,1.0,4.702424800000017,8.0,pieniądze,k,25
exp1,006,1,13,r02_n08,r02,Positive,Left,1.0,5.63116100000002,2.0,suplementy,k,25
exp1,006,1,14,r06_n11,r06,Negative,Left,1.0,5.497254500000054,3.0,?,k,25
exp1,006,1,15,n01_r15,r15,Positive,Right,,,,,k,25
exp1,007,1,1,n11_r05,r05,Negative,Right,1.0,9.594658399999958,7.0,jazda samochodem,m,23
exp1,007,1,2,r04_n06,r04,Positive,Left,1.0,5.209164499999929,9.0,pieniądze,m,23
exp1,007,1,3,n05_r02,r02,Positive,Right,1.0,9.307771499999944,8.0,sport,m,23
exp1,007,1,4,r09_n09,r09,Negative,Left,0.0,9.73829909999995,8.0,warzywniak,m,23
exp1,007,1,5,n04_r03,r03,Positive,Right,1.0,6.354573399999936,9.0,przywitanie,m,23
exp1,007,1,6,r08_n13,r08,Negative,Left,,,,,m,23
exp1,007,1,7,r12_n12,r12,Neutral,Left,1.0,8.541173400000048,5.0,lizać,m,23
exp1,007,1,8,r06_n03,r06,Negative,Left,1.0,5.005795300000045,8.0,?,m,23
exp1,007,1,9,r15_n15,r15,Positive,Left,,,,,m,23
exp1,007,1,10,r07_n07,r07,Negative,Left,1.0,8.313721700000087,8.0,wisieć,m,23
exp1,007,1,11,r13_n10,r13,Neutral,Left,,,,,m,23
exp1,007,1,12,n14_r10,r10,Neutral,Right,1.0,7.614916099999846,5.0,miejsce,m,23
exp1,007,1,13,n08_r11,r11,Neutral,Right,1.0,7.718774400000029,9.0,pojazd,m,23
exp1,007,1,14,n01_r01,r01,Positive,Right,1.0,4.613561699999991,9.0,,m,23
exp1,007,1,15,n02_r14,r14,Neutral,Right,,,,,m,23
exp1,008,1,1,r06_n09,r06,Negative,Left,1.0,4.039817200000016,9.0,zapach,m,29
exp1,008,1,2,n14_r08,r08,Negative,Right,1.0,4.085244099999727,6.0,choroba,m,29
exp1,008,1,3,r01_n13,r01,Positive,Left,1.0,4.082494599999791,8.0,kobieta,m,29
exp1,008,1,4,n12_r03,r03,Positive,Right,1.0,5.992312100000163,9.0,przywitanie,m,29
exp1,008,1,5,r10_n02,r10,Neutral,Left,,,,,m,29
exp1,008,1,6,r07_n07,r07,Negative,Left,1.0,2.8752356999998483,8.0,kara,m,29
exp1,008,1,7,r15_n15,r15,Positive,Left,,,,,m,29
exp1,008,1,8,r13_n08,r13,Neutral,Left,1.0,8.952752799999871,8.0,?,m,29
exp1,008,1,9,r02_n05,r02,Positive,Left,1.0,5.105674200000067,8.0,zdrowie,m,29
exp1,008,1,10,r05_n11,r05,Negative,Left,1.0,4.455853299999944,6.0,kara,m,29
exp1,008,1,11,r04_n01,r04,Positive,Left,1.0,4.575083100000029,9.0,pieniądz,m,29
exp1,008,1,12,r11_n04,r11,Neutral,Left,1.0,4.247788499999842,8.0,koła,m,29
exp1,008,1,13,n03_r12,r12,Neutral,Right,1.0,6.43496660000028,9.0,lizać,m,29
exp1,008,1,14,n10_r09,r09,Negative,Right,1.0,7.171454499999982,5.0,?,m,29
exp1,008,1,15,r14_n06,r14,Neutral,Left,1.0,5.594574300000204,6.0,,m,29
exp1,009,1,1,n12_r02,r02,Positive,Right,1.0,4.062205999999605,10.0,sport,k,26
exp1,009,1,2,n06_r03,r03,Positive,Right,1.0,4.899088699999993,10.0,uścisk dłoni,k,26
exp1,009,1,3,r04_n05,r04,Positive,Left,1.0,9.86631269999998,10.0,pieniądze,k,26
exp1,009,1,4,r10_n15,r10,Neutral,Left,1.0,6.89480150000054,8.0,?,k,26
exp1,009,1,5,r15_n11,r15,Positive,Left,,,,,k,26
exp1,009,1,6,n07_r05,r05,Negative,Right,1.0,5.376665200000389,10.0,kara,k,26
exp1,009,1,7,r13_n14,r13,Neutral,Left,1.0,6.550511899999947,10.0,soczewka,k,26
exp1,009,1,8,r08_n10,r08,Negative,Left,1.0,7.445092199999635,10.0,nurkowanie,k,26
exp1,009,1,9,r09_n09,r09,Negative,Left,,,,,k,26
exp1,009,1,10,r07_n01,r07,Negative,Left,1.0,5.375645299999633,10.0,sąd,k,26
exp1,009,1,11,r11_n08,r11,Neutral,Left,1.0,5.85745229999975,10.0,pojazd,k,26
exp1,009,1,12,n13_r12,r12,Neutral,Right,,,,,k,26
exp1,009,1,13,r14_n04,r14,Neutral,Left,1.0,5.940999700000248,10.0,pędzel,k,26
exp1,009,1,14,n03_r01,r01,Positive,Right,1.0,6.233796100000291,10.0,moda,k,26
exp1,009,1,15,n02_r06,r06,Negative,Right,1.0,6.948296900000059,10.0,odór,k,26
exp1,010,1,1,n05_r10,r10,Neutral,Right,,,,,k,25
exp1,010,1,2,r09_n14,r09,Negative,Left,1.0,6.7942111000002114,5.0,?,k,25
exp1,010,1,3,r13_n12,r13,Neutral,Left,1.0,5.496069499999976,5.0,aparat,k,25
exp1,010,1,4,r15_n02,r15,Positive,Left,,,,,k,25
exp1,010,1,5,r14_n08,r14,Neutral,Left,1.0,8.204961999999796,5.0,włosy,k,25
exp1,010,1,6,r03_n10,r03,Positive,Left,1.0,5.009288499999457,5.0,przywitanie się,k,25
exp1,010,1,7,n09_r05,r05,Negative,Right,1.0,6.247155199999725,3.0,policja,k,25
exp1,010,1,8,n01_r11,r11,Neutral,Right,1.0,4.211712899999839,8.0,pojazd,k,25
exp1,010,1,9,r01_n13,r01,Positive,Left,1.0,3.7218883000005007,10.0,praca,k,25
exp1,010,1,10,r06_n04,r06,Negative,Left,1.0,4.436651699999857,8.0,smród,k,25
exp1,010,1,11,n03_r04,r04,Positive,Right,1.0,4.90590820000034,5.0,pieniądze,k,25
exp1,010,1,12,r07_n07,r07,Negative,Left,1.0,6.014607199999773,4.0,smierć,k,25
exp1,010,1,13,n06_r08,r08,Negative,Right,1.0,6.900370100000146,8.0,nurkowanie,k,25
exp1,010,1,14,n15_r12,r12,Neutral,Right,1.0,8.743994399999792,2.0,?,k,25
exp1,010,1,15,n11_r02,r02,Positive,Right,1.0,3.5077876000004835,8.0,zdrowy tryb życia,k,25
exp1,011,1,1,n09_r12,r12,Neutral,Right,1.0,9.59886379999989,8.0,lizać,k,23
exp1,011,1,2,n14_r05,r05,Negative,Right,1.0,5.615105200000471,10.0,kara,k,23
exp1,011,1,3,n05_r08,r08,Negative,Right,,,,,k,23
exp1,011,1,4,r01_n10,r01,Positive,Left,1.0,7.457116700001279,2.0,moda,k,23
exp1,011,1,5,r14_n01,r14,Neutral,Left,,,,,k,23
exp1,011,1,6,r15_n02,r15,Positive,Left,1.0,3.074724799998876,10.0,różowe,k,23
exp1,011,1,7,n06_r09,r09,Negative,Right,1.0,8.019602700000178,10.0,wdowa,k,23
exp1,011,1,8,r06_n13,r06,Negative,Left,,,,,k,23
exp1,011,1,9,n03_r10,r10,Neutral,Right,1.0,9.330429700001332,2.0,?,k,23
exp1,011,1,10,n07_r04,r04,Positive,Right,1.0,5.936655899999096,10.0,pieniądze,k,23
exp1,011,1,11,n11_r02,r02,Positive,Right,1.0,7.7782140000017534,7.0,zdrowie,k,23
exp1,011,1,12,r13_n08,r13,Neutral,Left,1.0,5.634830400000283,6.0,mikroskop,k,23
exp1,011,1,13,r11_n15,r11,Neutral,Left,1.0,5.421349700000064,7.0,samochód,k,23
exp1,011,1,14,r03_n04,r03,Positive,Left,1.0,3.962271200000032,10.0,przybić,k,23
exp1,011,1,15,n12_r07,r07,Negative,Right,1.0,6.644112199999654,10.0,egzekucja,k,23
exp1,012,1,1,n02_r06,r06,Negative,Right,,,,,k,21
exp1,012,1,2,r01_n15,r01,Positive,Left,1.0,3.632771999999932,9.0,wizualność,k,21
exp1,012,1,3,n09_r02,r02,Positive,Right,1.0,3.628948799999989,10.0,zdrowie,k,21
exp1,012,1,4,n10_r11,r11,Neutral,Right,1.0,4.564697799999976,10.0,pojazd,k,21
exp1,012,1,5,n12_r12,r12,Neutral,Right,,,,,k,21
exp1,012,1,6,n11_r13,r13,Neutral,Right,1.0,3.6500230999999994,10.0,fizyka,k,21
exp1,012,1,7,n13_r07,r07,Negative,Right,1.0,3.149694899999986,10.0,kara,k,21
exp1,012,1,8,r15_n05,r15,Positive,Left,,,,,k,21
exp1,012,1,9,n06_r04,r04,Positive,Right,1.0,3.3592125000000124,10.0,pieniądze,k,21
exp1,012,1,10,n14_r03,r03,Positive,Right,1.0,3.2607763999999406,10.0,dłoń,k,21
exp1,012,1,11,r08_n01,r08,Negative,Left,1.0,4.104196699999875,8.0,choroba,k,21
exp1,012,1,12,n07_r05,r05,Negative,Right,1.0,3.2637928999999986,9.0,nieposłuszeństwo,k,21
exp1,012,1,13,n04_r14,r14,Neutral,Right,1.0,3.725172799999882,10.0,pędzel,k,21
exp1,012,1,14,n08_r10,r10,Neutral,Right,1.0,4.042721999999912,9.0,miejsce,k,21
exp1,012,1,15,r09_n03,r09,Negative,Left,1.0,8.127023500000178,9.0,śmierć,k,21
exp1,013,1,1,r12_n05,r12,Neutral,Left,,,,,k,27
exp1,013,1,2,r01_n06,r01,Positive,Left,1.0,7.255904800000053,7.0,moda,k,27
exp1,013,1,3,n12_r08,r08,Negative,Right,,,,,k,27
exp1,013,1,4,n15_r02,r02,Positive,Right,1.0,4.436370300000135,8.0,zdrowie,k,27
exp1,013,1,5,r06_n14,r06,Negative,Left,1.0,7.110247299999855,8.0,smród,k,27
exp1,013,1,6,r13_n13,r13,Neutral,Left,1.0,4.2914093000001685,9.0,pierwiastek,k,27
exp1,013,1,7,n03_r10,r10,Neutral,Right,1.0,5.300865200000089,9.0,ławka,k,27
exp1,013,1,8,r03_n04,r03,Positive,Left,1.0,5.458350699999983,10.0,dłoń,k,27
exp1,013,1,9,n07_r11,r11,Neutral,Right,1.0,5.482366400000046,9.0,auto,k,27
exp1,013,1,10,n10_r15,r15,Positive,Right,1.0,8.2938208999999,5.0,różowy,k,27
exp1,013,1,11,n08_r09,r09,Negative,Right,1.0,5.540567700000111,9.0,wdowa,k,27
exp1,013,1,12,n11_r07,r07,Negative,Right,0.0,9.711882999999943,6.0,,k,27
exp1,013,1,13,n01_r14,r14,Neutral,Right,1.0,9.398252899999989,7.0,pędzel,k,27
exp1,013,1,14,r05_n02,r05,Negative,Left,1.0,5.673637700000199,8.0,kara,k,27
exp1,013,1,15,n09_r04,r04,Positive,Right,1.0,5.374453800000083,9.0,moneta,k,27
exp1,014,1,1,n15_r08,r08,Negative,Right,1.0,9.227783900000077,3.0,?,k,22
exp1,014,1,2,n04_r05,r05,Negative,Right,1.0,6.634401700000012,5.0,,k,22
exp1,014,1,3,r04_n09,r04,Positive,Left,1.0,7.774602800000025,7.0,pieniądz,k,22
exp1,014,1,4,r07_n03,r07,Negative,Left,,,,,k,22
exp1,014,1,5,r12_n12,r12,Neutral,Left,0.0,9.044439699999998,3.0,biuro,k,22
exp1,014,1,6,r10_n05,r10,Neutral,Left,1.0,6.609819000000016,8.0,miejsce,k,22
exp1,014,1,7,r09_n14,r09,Negative,Left,1.0,8.864334800000051,3.0,negatywny,k,22
exp1,014,1,8,n13_r02,r02,Positive,Right,1.0,7.022106399999984,7.0,ćwiczenia,k,22
exp1,014,1,9,n11_r15,r15,Positive,Right,0.0,8.194681400000036,1.0,?,k,22
exp1,014,1,10,r13_n01,r13,Neutral,Left,1.0,6.512795899999901,7.0,fizyka,k,22
exp1,014,1,11,r06_n06,r06,Negative,Left,1.0,8.939103100000011,9.0,kosz  na śm,k,22
exp1,014,1,12,r11_n02,r11,Neutral,Left,1.0,5.998702800000046,8.0,pojazd,k,22
exp1,014,1,13,r03_n07,r03,Positive,Left,0.0,8.275754100000086,4.0,woda,k,22
exp1,014,1,14,r01_n10,r01,Positive,Left,1.0,8.205460399999993,9.0,zdjęcie,k,22
exp1,014,1,15,n08_r14,r14,Neutral,Right,1.0,9.50887489999991,4.0,zarost,k,22
exp1,015,1,1,n10_r14,r14,Neutral,Right,1.0,8.280144300000302,7.0,pedzel,k,35
exp1,015,1,2,n07_r02,r02,Positive,Right,1.0,6.595717199999854,8.0,zdrowie,k,35
exp1,015,1,3,n05_r01,r01,Positive,Right,1.0,7.640787400000136,5.0,moda,k,35
exp1,015,1,4,r05_n04,r05,Negative,Left,1.0,5.450019500000053,3.0,znak,k,35
exp1,015,1,5,r11_n09,r11,Neutral,Left,1.0,6.131253600000036,5.0,samochod,k,35
exp1,015,1,6,r08_n14,r08,Negative,Left,1.0,8.102320299999974,7.0,tonac,k,35
exp1,015,1,7,r15_n03,r15,Positive,Left,,,,,k,35
exp1,015,1,8,n06_r09,r09,Negative,Right,0.0,7.407713300000069,0.0,loch,k,35
exp1,015,1,9,r04_n01,r04,Positive,Left,1.0,5.1771802000002936,9.0,pieniadze,k,35
exp1,015,1,10,n11_r10,r10,Neutral,Right,1.0,6.757944100000259,0.0,przestrzen,k,35
exp1,015,1,11,r12_n13,r12,Neutral,Left,1.0,8.063346899999942,5.0,lizać,k,35
exp1,015,1,12,r07_n08,r07,Negative,Left,1.0,6.613008400000126,4.0,koniec,k,35
exp1,015,1,13,r03_n12,r03,Positive,Left,1.0,7.952440900000056,10.0,uscisk dłoni,k,35
exp1,015,1,14,r13_n15,r13,Neutral,Left,1.0,6.313759000000118,8.0,akcelerator,k,35
exp1,015,1,15,n02_r06,r06,Negative,Right,1.0,5.561718100000235,10.0,smierdzi,k,35
exp1,016,1,1,r10_n09,r10,Neutral,Left,1.0,7.380815400000074,8.0,miejsce,k,26
exp1,016,1,2,n07_r04,r04,Positive,Right,1.0,4.862718099999938,10.0,pieniądze,k,26
exp1,016,1,3,r06_n04,r06,Negative,Left,1.0,8.229333899999801,9.0,nieprzyjemny odór,k,26
exp1,016,1,4,r07_n01,r07,Negative,Left,1.0,6.360347000000047,10.0,śmierć,k,26
exp1,016,1,5,r14_n08,r14,Neutral,Left,1.0,8.486908999999969,7.0,włosy,k,26
exp1,016,1,6,n03_r05,r05,Negative,Right,1.0,7.094102799999973,10.0,kara,k,26
exp1,016,1,7,r11_n06,r11,Neutral,Left,1.0,7.990941300000031,8.0,pojazd,k,26
exp1,016,1,8,n05_r08,r08,Negative,Right,,,,,k,26
exp1,016,1,9,n14_r09,r09,Negative,Right,,,,,k,26
exp1,016,1,10,n15_r12,r12,Neutral,Right,1.0,5.563364200000024,8.0,ślina,k,26
exp1,016,1,11,r15_n11,r15,Positive,Left,,,,,k,26
exp1,016,1,12,n02_r02,r02,Positive,Right,1.0,4.991477199999963,9.0,zdrowie,k,26
exp1,016,1,13,r03_n12,r03,Positive,Left,1.0,6.237525799999958,5.0,?,k,26
exp1,016,1,14,n10_r13,r13,Neutral,Right,1.0,8.531880700000102,6.0,mikroskop,k,26
exp1,016,1,15,n13_r01,r01,Positive,Right,1.0,5.520276999999851,7.0,moda,k,26
exp1,017,1,1,r06_n03,r06,Negative,Left,1.0,4.519715800000085,6.0,wc,k,24
exp1,017,1,2,r05_n12,r05,Negative,Left,1.0,4.88026949999994,7.0,policja,k,24
exp1,017,1,3,n06_r10,r10,Neutral,Right,1.0,4.892717800000014,7.0,sala,k,24
exp1,017,1,4,r09_n11,r09,Negative,Left,1.0,6.711941700000011,5.0,?,k,24
exp1,017,1,5,n02_r14,r14,Neutral,Right,1.0,5.834823400000005,6.0,pędzel,k,24
exp1,017,1,6,r08_n04,r08,Negative,Left,0.0,6.638918999999987,5.0,piach,k,24
exp1,017,1,7,r03_n08,r03,Positive,Left,1.0,7.889857900000038,8.0,dłoń,k,24
exp1,017,1,8,r15_n07,r15,Positive,Left,0.0,4.559023899999943,6.0,?,k,24
exp1,017,1,9,n14_r13,r13,Neutral,Right,1.0,5.817737500000021,7.0,?,k,24
exp1,017,1,10,n13_r01,r01,Positive,Right,1.0,5.140647399999807,7.0,ubranie,k,24
exp1,017,1,11,n05_r07,r07,Negative,Right,1.0,4.6887263000000985,8.0,śmierć,k,24
exp1,017,1,12,n01_r02,r02,Positive,Right,1.0,4.887037299999975,8.0,sport,k,24
exp1,017,1,13,r11_n10,r11,Neutral,Left,1.0,4.585682299999917,8.0,samochód,k,24
exp1,017,1,14,r04_n15,r04,Positive,Left,1.0,4.748876299999893,7.0,pieniądze,k,24
exp1,017,1,15,r12_n09,r12,Neutral,Left,0.0,6.893174199999976,5.0,?,k,24
exp1,018,1,1,n10_r06,r06,Negative,Right,1.0,3.981395099999872,9.0,smród,m,23
exp1,018,1,2,r12_n12,r12,Neutral,Left,1.0,9.509732600000008,7.0,lepkie,m,23
exp1,018,1,3,r08_n02,r08,Negative,Left,,,,,m,23
exp1,018,1,4,r13_n05,r13,Neutral,Left,1.0,9.108787200000052,5.0,mikroskop,m,23
exp1,018,1,5,n15_r02,r02,Positive,Right,1.0,3.427785300000096,9.0,zdrowie,m,23
exp1,018,1,6,n09_r11,r11,Neutral,Right,1.0,3.966602299999977,10.0,pojazd,m,23
exp1,018,1,7,r03_n04,r03,Positive,Left,1.0,3.2239382000000205,10.0,dłoń,m,23
exp1,018,1,8,n13_r09,r09,Negative,Right,1.0,8.408286399999952,8.0,stary,m,23
exp1,018,1,9,r04_n06,r04,Positive,Left,1.0,5.445673499999884,10.0,pieniądze,m,23
exp1,018,1,10,n03_r14,r14,Neutral,Right,1.0,3.7373993999999584,10.0,włosy,m,23
exp1,018,1,11,n01_r10,r10,Neutral,Right,1.0,8.0417230999999,3.0,miejsce,m,23
exp1,018,1,12,r07_n11,r07,Negative,Left,1.0,5.906342700000096,7.0,kara,m,23
exp1,018,1,13,r15_n14,r15,Positive,Left,1.0,6.692022700000052,4.0,róż,m,23
exp1,018,1,14,n08_r01,r01,Positive,Right,,,,,m,23
exp1,018,1,15,n07_r05,r05,Negative,Right,1.0,6.076085800000101,5.0,?,m,23
exp1,019,1,1,n08_r02,r02,Positive,Right,,,,,k,47
exp1,019,1,2,n14_r04,r04,Positive,Right,1.0,5.314436999999998,8.0,moneta,k,47
exp1,019,1,3,r07_n09,r07,Negative,Left,1.0,5.846736699999838,7.0,sciecie,k,47
exp1,019,1,4,r03_n03,r03,Positive,Left,1.0,9.092319399999951,10.0,dlon,k,47
exp1,019,1,5,n02_r11,r11,Neutral,Right,1.0,7.238200300000017,10.0,?,k,47
exp1,019,1,6,r01_n15,r01,Positive,Left,1.0,5.732120699999996,8.0,pokaz,k,47
exp1,019,1,7,n12_r10,r10,Neutral,Right,,,,,k,47
exp1,019,1,8,r06_n10,r06,Negative,Left,1.0,4.994049500000074,8.0,smrod,k,47
exp1,019,1,9,n01_r05,r05,Negative,Right,1.0,5.139306399999896,10.0,kara,k,47
exp1,019,1,10,n11_r15,r15,Positive,Right,,,,,k,47
exp1,019,1,11,n07_r12,r12,Neutral,Right,1.0,6.4326800999999705,6.0,lizac,k,47
exp1,019,1,12,n05_r13,r13,Neutral,Right,1.0,7.076912300000004,8.0,mikroskop,k,47
exp1,019,1,13,r09_n04,r09,Negative,Left,1.0,5.981520100000125,10.0,wdowa,k,47
exp1,019,1,14,r14_n13,r14,Neutral,Left,1.0,6.872369299999946,8.0,pedzel,k,47
exp1,019,1,15,n06_r08,r08,Negative,Right,1.0,6.549422599999843,7.0,tonac,k,47
exp1,020,1,1,r01_n13,r01,Positive,Left,,,,,m,29
exp1,020,1,2,r11_n08,r11,Neutral,Left,1.0,4.389479800000117,10.0,KOŁA,m,29
exp1,020,1,3,r14_n05,r14,Neutral,Left,1.0,7.535885199999939,8.0,?,m,29
exp1,020,1,4,r03_n03,r03,Positive,Left,1.0,6.372875600000043,10.0,POWITANIE,m,29
exp1,020,1,5,r12_n04,r12,Neutral,Left,1.0,9.289893099999972,2.0,?,m,29
exp1,020,1,6,n09_r15,r15,Positive,Right,1.0,8.742528900000252,2.0,?,m,29
exp1,020,1,7,r13_n15,r13,Neutral,Left,1.0,2.766569100000197,10.0,MIKROSKOP,m,29
exp1,020,1,8,n12_r04,r04,Positive,Right,1.0,6.234263399999691,10.0,PIENIĄDZE,m,29
exp1,020,1,9,n07_r02,r02,Positive,Right,1.0,8.868040600000313,1.0,?,m,29
exp1,020,1,10,n11_r08,r08,Negative,Right,1.0,9.644304700000248,1.0,?,m,29
exp1,020,1,11,r05_n14,r05,Negative,Left,1.0,7.565164999999979,4.0,,m,29
exp1,020,1,12,n02_r09,r09,Negative,Right,1.0,7.809880499999963,6.0,WDOWA,m,29
exp1,020,1,13,r10_n01,r10,Neutral,Left,,,,,m,29
exp1,020,1,14,r06_n10,r06,Negative,Left,1.0,4.997734699999455,3.0,?,m,29
exp1,020,1,15,r07_n06,r07,Negative,Left,1.0,5.6036749999993845,10.0,ŚMIER,m,29
exp1,021,1,1,r04_n15,r04,Positive,Left,1.0,9.755870100000038,6.0,pieniądze,k,28
exp1,021,1,2,n10_r09,r09,Negative,Right,,,,,k,28
exp1,021,1,3,r12_n11,r12,Neutral,Left,1.0,6.270249700000022,5.0,język,k,28
exp1,021,1,4,n04_r10,r10,Neutral,Right,1.0,6.267335900000035,5.0,miejsce,k,28
exp1,021,1,5,r11_n08,r11,Neutral,Left,1.0,4.55986710000002,5.0,auto,k,28
exp1,021,1,6,r15_n03,r15,Positive,Left,,,,,k,28
exp1,021,1,7,r03_n05,r03,Positive,Left,1.0,4.945589799999993,5.0,przywitanie,k,28
exp1,021,1,8,n14_r08,r08,Negative,Right,1.0,6.803357799999958,5.0,biologia,k,28
exp1,021,1,9,n09_r01,r01,Positive,Right,1.0,5.645650599999954,5.0,uroda,k,28
exp1,021,1,10,r05_n13,r05,Negative,Left,1.0,4.882234499999981,5.0,kara,k,28
exp1,021,1,11,n01_r07,r07,Negative,Right,1.0,5.172169899999972,5.0,kara,k,28
exp1,021,1,12,r14_n12,r14,Neutral,Left,1.0,7.033513999999968,5.0,fryzjer,k,28
exp1,021,1,13,r06_n06,r06,Negative,Left,1.0,9.737779499999988,,woń,k,28
exp1,021,1,14,n07_r02,r02,Positive,Right,1.0,4.315213999999969,6.0,zdrowie,k,28
exp1,021,1,15,n02_r13,r13,Neutral,Right,1.0,3.684658199999944,5.0,fizyka,k,28
exp1,022,1,1,r06_n15,r06,Negative,Left,0.0,6.739933999999948,10.0,Batman,k,38
exp1,022,1,2,r14_n02,r14,Neutral,Left,,,,,k,38
exp1,022,1,3,n08_r12,r12,Neutral,Right,1.0,4.772379600000022,10.0,pediatra,k,38
exp1,022,1,4,r07_n12,r07,Negative,Left,1.0,4.015975599999933,10.0,kryminalistyka,k,38
exp1,022,1,5,r13_n01,r13,Neutral,Left,1.0,4.754748800000016,10.0,fizyka,k,38
exp1,022,1,6,n05_r04,r04,Positive,Right,1.0,4.013932799999907,,finanse,k,38
exp1,022,1,7,r10_n03,r10,Neutral,Left,1.0,6.827015099999926,8.0,Watykan,k,38
exp1,022,1,8,r08_n09,r08,Negative,Left,1.0,5.285044999999968,10.0,topielec,k,38
exp1,022,1,9,n13_r01,r01,Positive,Right,1.0,2.7287928000000647,,moda,k,38
exp1,022,1,10,n06_r03,r03,Positive,Right,1.0,3.2286929000000555,,dłoń,k,38
exp1,022,1,11,n04_r05,r05,Negative,Right,1.0,6.306380199999921,10.0,kara,k,38
exp1,022,1,12,n11_r09,r09,Negative,Right,0.0,6.445786999999996,10.0,Salvador Dal,k,38
exp1,022,1,13,r11_n07,r11,Neutral,Left,1.0,3.5732325000000174,10.0,auto,k,38
exp1,022,1,14,n14_r15,r15,Positive,Right,0.0,9.072339899999974,10.0,placek,k,38
exp1,022,1,15,n10_r02,r02,Positive,Right,1.0,3.7271352000000206,10.0,fitness,k,38
exp1,023,1,1,r03_n11,r03,Positive,Left,1.0,4.272856900000079,9.0,reka,k,49
exp1,023,1,2,n10_r02,r02,Positive,Right,1.0,4.459175700000742,10.0,witalosc,k,49
exp1,023,1,3,r05_n05,r05,Negative,Left,1.0,6.580606700000317,10.0,kara,k,49
exp1,023,1,4,r14_n12,r14,Neutral,Left,1.0,5.8001696999999695,9.0,włos,k,49
exp1,023,1,5,n08_r12,r12,Neutral,Right,,,,,k,49
exp1,023,1,6,r08_n02,r08,Negative,Left,1.0,5.91058079999948,7.0,choroba,k,49
exp1,023,1,7,n01_r09,r09,Negative,Right,,,,,k,49
exp1,023,1,8,r01_n14,r01,Positive,Left,1.0,2.433600899999874,10.0,uroda,k,49
exp1,023,1,9,r15_n07,r15,Positive,Left,1.0,8.201566300000195,9.0,plaza,k,49
exp1,023,1,10,n03_r13,r13,Neutral,Right,1.0,6.591581799999403,9.0,fizyka,k,49
exp1,023,1,11,n04_r11,r11,Neutral,Right,1.0,4.291956000000027,10.0,pojazd,k,49
exp1,023,1,12,n13_r06,r06,Negative,Right,1.0,4.0868092999999135,,odpady,k,49
exp1,023,1,13,n09_r10,r10,Neutral,Right,0.0,6.7401466000001165,7.0,sklep,k,49
exp1,023,1,14,n15_r07,r07,Negative,Right,1.0,4.62095219999992,,kara,k,49
exp1,023,1,15,n06_r04,r04,Positive,Right,1.0,4.038776399999733,10.0,pieniadze,k,49
exp1,024,1,1,n12_r01,r01,Positive,Right,1.0,6.366838899999493,7.0,okladka,k,23
exp1,024,1,2,n07_r04,r04,Positive,Right,1.0,9.423814300000233,9.0,pieniadze,k,23
exp1,024,1,3,r09_n10,r09,Negative,Left,,,,,k,23
exp1,024,1,4,r06_n11,r06,Negative,Left,,,,,k,23
exp1,024,1,5,n14_r05,r05,Negative,Right,1.0,6.96579870000096,5.0,kara,k,23
exp1,024,1,6,r10_n04,r10,Neutral,Left,1.0,9.358896400000958,6.0,miejsce,k,23
exp1,024,1,7,n03_r15,r15,Positive,Right,,,,,k,23
exp1,024,1,8,r03_n08,r03,Positive,Left,,,,,k,23
exp1,024,1,9,n06_r08,r08,Negative,Right,,,,,k,23
exp1,024,1,10,n05_r13,r13,Neutral,Right,1.0,6.19963800000005,4.0,ladunek,k,23
exp1,024,1,11,r11_n15,r11,Neutral,Left,1.0,5.756751599999916,5.0,pojazd,k,23
exp1,024,1,12,n01_r12,r12,Neutral,Right,,,,,k,23
exp1,024,1,13,n09_r07,r07,Negative,Right,1.0,7.968924400000105,7.0,smierc,k,23
exp1,024,1,14,n02_r02,r02,Positive,Right,1.0,8.866517899999963,8.0,zdrowie,k,23
exp1,024,1,15,r14_n13,r14,Neutral,Left,1.0,6.0581961999996565,3.0,pedzel,k,23
exp1,025,1,1,r04_n13,r04,Positive,Left,0.0,6.867777599999954,5.0,,k,38
exp1,025,1,2,r15_n15,r15,Positive,Left,,,,,k,38
exp1,025,1,3,r06_n11,r06,Negative,Left,1.0,3.739506399999982,10.0,czystosc,k,38
exp1,025,1,4,r12_n10,r12,Neutral,Left,,,,,k,38
exp1,025,1,5,r02_n12,r02,Positive,Left,1.0,5.939440200000036,10.0,zdrowie,k,38
exp1,025,1,6,n01_r03,r03,Positive,Right,,,,,k,38
exp1,025,1,7,r14_n06,r14,Neutral,Left,,,,,k,38
exp1,025,1,8,n02_r10,r10,Neutral,Right,,,,,k,38
exp1,025,1,9,r13_n05,r13,Neutral,Left,,,,,k,38
exp1,025,1,10,n14_r07,r07,Negative,Right,1.0,4.124402500000088,10.0,zniewolenie,k,38
exp1,025,1,11,n03_r05,r05,Negative,Right,1.0,4.820876799999951,10.0,kara,k,38
exp1,025,1,12,r01_n08,r01,Positive,Left,0.0,8.966450800000075,10.0,wiedza,k,38
exp1,025,1,13,r09_n09,r09,Negative,Left,0.0,7.127822799999876,10.0,obfitosc,k,38
exp1,025,1,14,n04_r08,r08,Negative,Right,,,,,k,38
exp1,025,1,15,r11_n07,r11,Neutral,Left,1.0,4.390988800000059,10.0,podroz,k,38
exp1,027,1,1,r11_n11,r11,Neutral,Left,1.0,4.764867299998514,10.0,pojazd,k,26
exp1,027,1,2,r04_n02,r04,Positive,Left,1.0,5.995679499999824,10.0,pieniądze,k,26
exp1,027,1,3,r02_n03,r02,Positive,Left,1.0,5.326566200001253,10.0,zdrowie,k,26
exp1,027,1,4,r07_n06,r07,Negative,Left,1.0,5.817132500000298,10.0,śmierć,k,26
exp1,027,1,5,r06_n12,r06,Negative,Left,1.0,3.837912299999516,10.0,smród,k,26
exp1,027,1,6,n07_r09,r09,Negative,Right,0.0,6.833562100000563,,woda,k,26
exp1,027,1,7,r03_n09,r03,Positive,Left,1.0,3.6257447999996657,10.0,slang,k,26
exp1,027,1,8,r12_n04,r12,Neutral,Left,0.0,5.861143000000084,7.0,?,k,26
exp1,027,1,9,r01_n15,r01,Positive,Left,1.0,4.500602899999649,10.0,vouge,k,26
exp1,027,1,10,n05_r10,r10,Neutral,Right,1.0,7.100805000000037,8.0,miejsce,k,26
exp1,027,1,11,n01_r08,r08,Negative,Right,1.0,5.684352000000217,10.0,choroba,k,26
exp1,027,1,12,n13_r13,r13,Neutral,Right,1.0,6.675544699999591,9.0,?,k,26
exp1,027,1,13,n14_r14,r14,Neutral,Right,1.0,6.9813844000000245,10.0,pędzel,k,26
exp1,027,1,14,r15_n08,r15,Positive,Left,,,,,k,26
exp1,027,1,15,r05_n10,r05,Negative,Left,1.0,6.175482900000134,7.0,kara,k,26
exp1,028,1,1,r12_n08,r12,Neutral,Left,,,,,m,29
exp1,028,1,2,n13_r13,r13,Neutral,Right,1.0,5.865421100000049,5.0,?,m,29
exp1,028,1,3,n05_r07,r07,Negative,Right,,,,,m,29
exp1,028,1,4,r05_n02,r05,Negative,Left,1.0,4.969224800000006,10.0,kara,m,29
exp1,028,1,5,n07_r04,r04,Positive,Right,1.0,4.958195199999977,10.0,pieniądze,m,29
exp1,028,1,6,r10_n01,r10,Neutral,Left,1.0,8.855171700000028,10.0,miejsce,m,29
exp1,028,1,7,n06_r06,r06,Negative,Right,1.0,6.505697400000031,10.0,brud,m,29
exp1,028,1,8,n14_r15,r15,Positive,Right,,,,,m,29
exp1,028,1,9,r09_n09,r09,Negative,Left,0.0,6.61103490000005,6.0,targ,m,29
exp1,028,1,10,n12_r11,r11,Neutral,Right,1.0,4.236982699999999,10.0,auto,m,29
exp1,028,1,11,r02_n10,r02,Positive,Left,1.0,3.067466500000023,10.0,zdrowie,m,29
exp1,028,1,12,r08_n15,r08,Negative,Left,1.0,4.991964699999926,10.0,topić się,m,29
exp1,028,1,13,n03_r01,r01,Positive,Right,1.0,4.890445600000021,10.0,playboy,m,29
exp1,028,1,14,r14_n11,r14,Neutral,Left,1.0,8.966096999999877,10.0,artysta,m,29
exp1,028,1,15,r03_n04,r03,Positive,Left,,,,,m,29
exp1,029,1,1,r05_n11,r05,Negative,Left,1.0,5.706839400000263,10.0,ruch drogowy,k,23
exp1,029,1,2,n15_r01,r01,Positive,Right,1.0,3.998152199999822,10.0,modeling,k,23
exp1,029,1,3,r07_n07,r07,Negative,Left,1.0,8.695828500000061,9.0,więzienie,k,23
exp1,029,1,4,n03_r11,r11,Neutral,Right,1.0,5.742094400000042,10.0,samochody,k,23
exp1,029,1,5,r12_n05,r12,Neutral,Left,1.0,7.855025899999873,8.0,poczta,k,23
exp1,029,1,6,r15_n02,r15,Positive,Left,0.0,8.910834599999816,8.0,sztuka,k,23
exp1,029,1,7,n08_r10,r10,Neutral,Right,,,,,k,23
exp1,029,1,8,r14_n04,r14,Neutral,Left,1.0,4.275664499999948,8.0,obraz,k,23
exp1,029,1,9,n09_r04,r04,Positive,Right,1.0,6.6692840000000615,9.0,waluta,k,23
exp1,029,1,10,n10_r03,r03,Positive,Right,1.0,4.228945399999702,10.0,przywitanie,k,23
exp1,029,1,11,r13_n06,r13,Neutral,Left,1.0,5.004482800000005,9.0,?,k,23
exp1,029,1,12,n01_r06,r06,Negative,Right,1.0,4.827334399999927,9.0,toitoi,k,23
exp1,029,1,13,n14_r02,r02,Positive,Right,1.0,4.180358900000101,10.0,zdrowie,k,23
exp1,029,1,14,r09_n13,r09,Negative,Left,1.0,6.329960800000208,8.0,wdowa,k,23
exp1,029,1,15,n12_r08,r08,Negative,Right,1.0,7.246250800000325,7.0,utonięcie,k,23
exp1,030,1,1,n04_r10,r10,Neutral,Right,1.0,6.949179500000128,8.0,miejsce,m,22
exp1,030,1,2,n06_r13,r13,Neutral,Right,0.0,2.4121001999999407,4.0,Rosja,m,22
exp1,030,1,3,r14_n10,r14,Neutral,Left,1.0,8.248024299999997,8.0,wąs,m,22
exp1,030,1,4,r12_n13,r12,Neutral,Left,1.0,6.1517149000001154,10.0,język,m,22
exp1,030,1,5,n08_r06,r06,Negative,Right,1.0,7.249474800000144,8.0,NY,m,22
exp1,030,1,6,r09_n09,r09,Negative,Left,0.0,7.154966899999863,7.0,Targ,m,22
exp1,030,1,7,n03_r15,r15,Positive,Right,,,,,m,22
exp1,030,1,8,r11_n01,r11,Neutral,Left,1.0,2.9504785999999967,10.0,pojazd,m,22
exp1,030,1,9,n12_r05,r05,Negative,Right,1.0,6.367219200000136,,policja,m,22
exp1,030,1,10,n15_r07,r07,Negative,Right,1.0,7.196096900000157,7.0,śmierć,m,22
exp1,030,1,11,n11_r02,r02,Positive,Right,1.0,3.828995900000109,10.0,zdrowie,m,22
exp1,030,1,12,n05_r03,r03,Positive,Right,1.0,3.238825300000144,10.0,przywitanie,m,22
exp1,030,1,13,n07_r08,r08,Negative,Right,1.0,7.2926886000000195,8.0,czajnik,m,22
exp1,030,1,14,r01_n02,r01,Positive,Left,1.0,4.553467799999908,,vogue,m,22
exp1,030,1,15,r04_n14,r04,Positive,Left,1.0,5.073240499999884,6.0,kasa,m,22
exp1,031,1,1,r10_n12,r10,Neutral,Left,1.0,4.451977299999953,6.0,miejsca,K,19
exp1,031,1,2,r14_n05,r14,Neutral,Left,1.0,6.2481772000001,7.0,rodzaj włosia,K,19
exp1,031,1,3,r06_n11,r06,Negative,Left,1.0,4.844262800000024,10.0,woń,K,19
exp1,031,1,4,n01_r08,r08,Negative,Right,1.0,5.410831299999927,7.0,organizm,K,19
exp1,031,1,5,n13_r09,r09,Negative,Right,1.0,5.986487899999929,6.0,starość,K,19
exp1,031,1,6,n10_r05,r05,Negative,Right,1.0,4.594101000000137,10.0,kara,K,19
exp1,031,1,7,r13_n07,r13,Neutral,Left,1.0,5.676236500000186,7.0,nauka,K,19
exp1,031,1,8,r03_n04,r03,Positive,Left,0.0,6.960322899999937,5.0,morze,K,19
exp1,031,1,9,n06_r02,r02,Positive,Right,1.0,4.546138500000097,8.0,zdrowie,K,19
exp1,031,1,10,r04_n03,r04,Positive,Left,1.0,4.206853899999942,9.0,pieniądze,K,19
exp1,031,1,11,r12_n09,r12,Neutral,Left,1.0,5.943378499999881,4.0,dziecko,K,19
exp1,031,1,12,r11_n08,r11,Neutral,Left,1.0,4.468576800000164,7.0,pojazd,K,19
exp1,031,1,13,n14_r01,r01,Positive,Right,1.0,3.807951600000024,10.0,kobieta,K,19
exp1,031,1,14,n15_r07,r07,Negative,Right,1.0,4.926859800000102,10.0,śmierć,K,19
exp1,031,1,15,r15_n02,r15,Positive,Left,1.0,8.275234500000124,2.0,,K,19
exp1,032,1,1,n04_r03,r03,Positive,Right,1.0,6.176575899999989,10.0,przywitanie ręką,k,25
exp1,032,1,2,r04_n07,r04,Positive,Left,1.0,5.00500820000002,10.0,pieniądze,k,25
exp1,032,1,3,r15_n01,r15,Positive,Left,0.0,6.87233470000001,3.0,walka,k,25
exp1,032,1,4,r12_n10,r12,Neutral,Left,1.0,7.163139999999885,1.0,?,k,25
exp1,032,1,5,r11_n03,r11,Neutral,Left,1.0,5.129551199999924,10.0,pojazd,k,25
exp1,032,1,6,n09_r06,r06,Negative,Right,1.0,4.747091099999807,10.0,zmysł  wechu,k,25
exp1,032,1,7,n02_r05,r05,Negative,Right,1.0,5.283530000000155,10.0,kara,k,25
exp1,032,1,8,r01_n11,r01,Positive,Left,1.0,4.761812299999974,10.0,ciało kobiece,k,25
exp1,032,1,9,r10_n08,r10,Neutral,Left,1.0,7.118934899999886,5.0,grupa,k,25
exp1,032,1,10,r08_n05,r08,Negative,Left,1.0,5.80769609999993,10.0,żywioł,k,25
exp1,032,1,11,r14_n13,r14,Neutral,Left,1.0,5.596469999999954,10.0,artysta,k,25
exp1,032,1,12,r13_n12,r13,Neutral,Left,1.0,4.261680200000001,10.0,fizyka,k,25
exp1,032,1,13,r07_n06,r07,Negative,Left,1.0,4.733854000000065,10.0,śmierć,k,25
exp1,032,1,14,n14_r02,r02,Positive,Right,1.0,4.0531700999999885,10.0,witalność,k,25
exp1,032,1,15,r09_n15,r09,Negative,Left,0.0,6.9517803000001095,10.0,cyrk,k,25
exp1,033,1,1,n09_r05,r05,Negative,Right,1.0,9.141012400000022,4.0,znak drogowy,K,27
exp1,033,1,2,n10_r08,r08,Negative,Right,1.0,8.325470100000075,3.0,filtr,K,27
exp1,033,1,3,n13_r14,r14,Neutral,Right,,,,,K,27
exp1,033,1,4,r04_n04,r04,Positive,Left,1.0,6.209053200000085,4.0,monety,K,27
exp1,033,1,5,n01_r10,r10,Neutral,Right,1.0,6.739821300000017,5.0,?,K,27
exp1,033,1,6,r06_n03,r06,Negative,Left,1.0,8.826969599999984,5.0,worek,K,27
exp1,033,1,7,r03_n02,r03,Positive,Left,,,,,K,27
exp1,033,1,8,n06_r13,r13,Neutral,Right,1.0,5.052880200000004,8.0,zegar,K,27
exp1,033,1,9,r01_n07,r01,Positive,Left,1.0,7.599133800000004,5.0,kobieta,K,27
exp1,033,1,10,n08_r09,r09,Negative,Right,,,,,K,27
exp1,033,1,11,n05_r02,r02,Positive,Right,1.0,5.695621899999992,7.0,trening,K,27
exp1,033,1,12,r15_n15,r15,Positive,Left,1.0,7.580619100000035,5.0,wakacje,K,27
exp1,033,1,13,r12_n12,r12,Neutral,Left,1.0,6.705091599999946,6.0,wypadek,K,27
exp1,033,1,14,r11_n14,r11,Neutral,Left,1.0,8.330984199999989,4.0,?,K,27
exp1,033,1,15,r07_n11,r07,Negative,Left,,,,,K,27
exp1,034,1,1,n01_r07,r07,Negative,Right,,,,,m,37
exp1,034,1,2,r06_n07,r06,Negative,Left,1.0,5.116279200000008,10.0,woń,m,37
exp1,034,1,3,n14_r08,r08,Negative,Right,,,,,m,37
exp1,034,1,4,r15_n11,r15,Positive,Left,,,,,m,37
exp1,034,1,5,n03_r05,r05,Negative,Right,1.0,3.9776538000000974,10.0,kara,m,37
exp1,034,1,6,r14_n12,r14,Neutral,Left,1.0,3.9101368000001457,10.0,włosy,m,37
exp1,034,1,7,n09_r04,r04,Positive,Right,1.0,3.991359099999954,10.0,pieniądze,m,37
exp1,034,1,8,n04_r12,r12,Neutral,Right,,,,,m,37
exp1,034,1,9,n02_r01,r01,Positive,Right,1.0,3.0662579999998343,10.0,moda,m,37
exp1,034,1,10,n13_r10,r10,Neutral,Right,1.0,5.321389199999885,10.0,miejsca,m,37
exp1,034,1,11,r02_n05,r02,Positive,Left,1.0,4.008043799999996,10.0,zdrowie,m,37
exp1,034,1,12,n10_r11,r11,Neutral,Right,1.0,4.930420099999992,10.0,fabryka,m,37
exp1,034,1,13,n15_r03,r03,Positive,Right,1.0,2.731747099999893,10.0,powitanie,m,37
exp1,034,1,14,n06_r13,r13,Neutral,Right,1.0,3.678219500000069,10.0,fizyka,m,37
exp1,034,1,15,n08_r09,r09,Negative,Right,,,,,m,37
exp1,035,1,1,n06_r09,r09,Negative,Right,,,,,k,22
exp1,035,1,2,n11_r02,r02,Positive,Right,1.0,8.065737300000023,9.0,witalność,k,22
exp1,035,1,3,n02_r10,r10,Neutral,Right,,,,,k,22
exp1,035,1,4,n13_r14,r14,Neutral,Right,1.0,5.267364999999927,9.0,włos,k,22
exp1,035,1,5,r04_n05,r04,Positive,Left,1.0,3.733433800000057,9.0,pieniądz,k,22
exp1,035,1,6,n14_r15,r15,Positive,Right,,,,,k,22
exp1,035,1,7,r03_n10,r03,Positive,Left,,,,,k,22
exp1,035,1,8,n01_r06,r06,Negative,Right,1.0,6.963023399999884,7.0,smród,k,22
exp1,035,1,9,r05_n07,r05,Negative,Left,1.0,3.905083999999988,10.0,kara,k,22
exp1,035,1,10,n04_r07,r07,Negative,Right,1.0,6.3820604,8.0,sąd,k,22
exp1,035,1,11,r11_n09,r11,Neutral,Left,1.0,5.100524699999824,10.0,pojazd,k,22
exp1,035,1,12,n12_r01,r01,Positive,Right,1.0,5.27405849999991,10.0,moda,k,22
exp1,035,1,13,r13_n15,r13,Neutral,Left,1.0,4.916107600000032,9.0,fizyka,k,22
exp1,035,1,14,n03_r08,r08,Negative,Right,1.0,3.930038599999989,6.0,Amazonia,k,22
exp1,035,1,15,n08_r12,r12,Neutral,Right,0.0,3.634183199999825,5.0,kaganek oświaty,k,22
exp1,036,1,1,r02_n15,r02,Positive,Left,1.0,3.802227599999924,7.0,ćwiczenia,k,26
exp1,036,1,2,n13_r06,r06,Negative,Right,1.0,4.018551600000137,6.0,brud,k,26
exp1,036,1,3,r14_n01,r14,Neutral,Left,1.0,6.645632700000078,5.0,elementy tworzenia sztuki,k,26
exp1,036,1,4,r11_n05,r11,Neutral,Left,1.0,5.117328900000075,8.0,sprzęty,k,26
exp1,036,1,5,r01_n07,r01,Positive,Left,1.0,2.9313366999999744,8.0,moda,k,26
exp1,036,1,6,n11_r12,r12,Neutral,Right,1.0,6.376139899999998,6.0,dziecko,k,26
exp1,036,1,7,r03_n12,r03,Positive,Left,1.0,5.844285199999831,8.0,sposób przywitania się,k,26
exp1,036,1,8,r04_n06,r04,Positive,Left,1.0,3.7008134999998674,9.0,pieniądze,k,26
exp1,036,1,9,r13_n09,r13,Neutral,Left,1.0,5.436493800000108,8.0,atom,k,26
exp1,036,1,10,n04_r07,r07,Negative,Right,1.0,4.347240800000009,9.0,prawo,k,26
exp1,036,1,11,n02_r10,r10,Neutral,Right,1.0,5.333706399999983,8.0,społeczeństwo,k,26
exp1,036,1,12,r15_n03,r15,Positive,Left,,,,,k,26
exp1,036,1,13,r05_n10,r05,Negative,Left,1.0,5.338389900000038,8.0,sankcje,k,26
exp1,036,1,14,r08_n08,r08,Negative,Left,1.0,8.68652770000017,6.0,basen,k,26
exp1,036,1,15,r09_n14,r09,Negative,Left,,,,,k,26
exp1,037,1,1,n15_r01,r01,Positive,Right,1.0,3.5000986999993984,10.0,moda,k,20
exp1,037,1,2,r10_n07,r10,Neutral,Left,1.0,6.920730900000308,5.0,ludzie,k,20
exp1,037,1,3,r11_n06,r11,Neutral,Left,1.0,6.221882499999992,8.0,powoz,k,20
exp1,037,1,4,r08_n12,r08,Negative,Left,1.0,3.7969954000000143,8.0,choroba,k,20
exp1,037,1,5,r04_n09,r04,Positive,Left,1.0,7.413831500000015,8.0,pieniadze,k,20
exp1,037,1,6,r09_n01,r09,Negative,Left,,,,,k,20
exp1,037,1,7,r13_n10,r13,Neutral,Left,1.0,8.836852000000363,7.0,atom,k,20
exp1,037,1,8,r03_n11,r03,Positive,Left,1.0,2.796554699999433,9.0,powitanie,k,20
exp1,037,1,9,n08_r05,r05,Negative,Right,1.0,7.017802000000302,9.0,parkowanie,k,20
exp1,037,1,10,r14_n05,r14,Neutral,Left,,,,,k,20
exp1,037,1,11,r12_n14,r12,Neutral,Left,1.0,3.2685781999998653,8.0,slina,k,20
exp1,037,1,12,n13_r06,r06,Negative,Right,1.0,4.139853499999845,9.0,smrod,k,20
exp1,037,1,13,n02_r02,r02,Positive,Right,1.0,7.041024999999536,9.0,silownia,k,20
exp1,037,1,14,n03_r07,r07,Negative,Right,,,,,k,20
exp1,037,1,15,r15_n04,r15,Positive,Left,0.0,6.618454000000384,6.0,wakacje,k,20
exp1,038,1,1,n02_r14,r14,Neutral,Right,1.0,8.542217700000037,7.0,pędzel,m,19
exp1,038,1,2,n13_r13,r13,Neutral,Right,1.0,7.469702500000494,8.0,mikroskop?,m,19
exp1,038,1,3,n11_r07,r07,Negative,Right,1.0,4.303395599999931,10.0,wiezienie,m,19
exp1,038,1,4,r04_n07,r04,Positive,Left,1.0,4.934765899999547,10.0,pieniądz,m,19
exp1,038,1,5,r01_n08,r01,Positive,Left,1.0,4.622076699999525,10.0,kobieta,m,19
exp1,038,1,6,r12_n09,r12,Neutral,Left,,,,,m,19
exp1,038,1,7,r09_n01,r09,Negative,Left,1.0,6.473699000000124,5.0,?,m,19
exp1,038,1,8,r08_n03,r08,Negative,Left,1.0,7.925360799999908,5.0,tlen,m,19
exp1,038,1,9,r11_n10,r11,Neutral,Left,1.0,3.559862899999644,10.0,samochód,m,19
exp1,038,1,10,r10_n04,r10,Neutral,Left,1.0,5.531616299998859,9.0,miasto,m,19
exp1,038,1,11,n12_r06,r06,Negative,Right,1.0,4.583960099998876,10.0,smród,m,19
exp1,038,1,12,n14_r02,r02,Positive,Right,1.0,3.0108533000002358,10.0,zdrowie,m,19
exp1,038,1,13,n05_r03,r03,Positive,Right,1.0,4.57308010000088,10.0,przywitanie,m,19
exp1,038,1,14,n15_r15,r15,Positive,Right,,,,,m,19
exp1,038,1,15,n06_r05,r05,Negative,Right,1.0,3.433291299999837,10.0,kara,m,19
exp1,039,1,1,r12_n04,r12,Neutral,Left,,,,,k,21
exp1,039,1,2,n05_r11,r11,Neutral,Right,1.0,4.128799699999945,8.0,?,k,21
exp1,039,1,3,n13_r07,r07,Negative,Right,1.0,6.365235499999471,7.0,sad,k,21
exp1,039,1,4,n06_r01,r01,Positive,Right,1.0,6.252787999999782,9.0,zdjecia,k,21
exp1,039,1,5,n14_r13,r13,Neutral,Right,1.0,5.094765100000586,5.0,?,k,21
exp1,039,1,6,n15_r03,r03,Positive,Right,1.0,5.610586599999806,10.0,reka,k,21
exp1,039,1,7,r08_n09,r08,Negative,Left,1.0,9.17975469999874,4.0,?,k,21
exp1,039,1,8,r02_n11,r02,Positive,Left,1.0,5.623771399999896,6.0,zdrowie,k,21
exp1,039,1,9,n01_r06,r06,Negative,Right,,,,,k,21
exp1,039,1,10,n03_r05,r05,Negative,Right,1.0,4.810108699999546,5.0,parkowanie,k,21
exp1,039,1,11,n08_r14,r14,Neutral,Right,1.0,6.37154290000035,5.0,pedzel,k,21
exp1,039,1,12,r10_n02,r10,Neutral,Left,1.0,6.212863200000356,6.0,ludzie,k,21
exp1,039,1,13,n07_r09,r09,Negative,Right,1.0,7.328581900001154,3.0,?,k,21
exp1,039,1,14,r15_n12,r15,Positive,Left,1.0,8.744269000000713,4.0,rozowe,k,21
exp1,039,1,15,n10_r04,r04,Positive,Right,1.0,9.131413099999918,5.0,pieniadze,k,21
exp1,040,1,1,r03_n06,r03,Positive,Left,,,,,k,45
exp1,040,1,2,n13_r14,r14,Neutral,Right,1.0,7.453202200000305,10.0,pedzel,k,45
exp1,040,1,3,n15_r11,r11,Neutral,Right,1.0,8.926103399999192,10.0,auto,k,45
exp1,040,1,4,r04_n08,r04,Positive,Left,1.0,5.06884910000008,10.0,pieniadz,k,45
exp1,040,1,5,n09_r02,r02,Positive,Right,1.0,5.352492699999857,10.0,zdrowie,k,45
exp1,040,1,6,n11_r12,r12,Neutral,Right,1.0,6.5875209999994695,10.0,polizac,k,45
exp1,040,1,7,n03_r09,r09,Negative,Right,1.0,8.373908800000208,10.0,wdowa,k,45
exp1,040,1,8,r13_n14,r13,Neutral,Left,1.0,6.536914700000125,10.0,,k,45
exp1,040,1,9,r01_n02,r01,Positive,Left,1.0,6.566373400000884,10.0,zdjecie,k,45
exp1,040,1,10,r10_n10,r10,Neutral,Left,,,,,k,45
exp1,040,1,11,r06_n04,r06,Negative,Left,1.0,4.964292000000569,10.0,odor,k,45
exp1,040,1,12,n07_r05,r05,Negative,Right,1.0,6.04564560000108,10.0,kara,k,45
exp1,040,1,13,r08_n12,r08,Negative,Left,,,,,k,45
exp1,040,1,14,r15_n05,r15,Positive,Left,,,,,k,45
exp1,040,1,15,r07_n01,r07,Negative,Left,1.0,4.993205999999191,10.0,smierc,k,45
exp1,041,1,1,r07_n12,r07,Negative,Left,1.0,9.13274790000014,8.0,ograniczenie wolności,K,21
exp1,041,1,2,n02_r11,r11,Neutral,Right,1.0,7.818598299999394,8.0,poruszanie się,K,21
exp1,041,1,3,n03_r09,r09,Negative,Right,,,,,K,21
exp1,041,1,4,r15_n06,r15,Positive,Left,,,,,K,21
exp1,041,1,5,n01_r08,r08,Negative,Right,,,,,K,21
exp1,041,1,6,n15_r12,r12,Neutral,Right,0.0,7.807188300000234,6.0,motyw filmów akcji,K,21
exp1,041,1,7,n11_r05,r05,Negative,Right,1.0,5.718509000000267,7.0,rodzaj kary,K,21
exp1,041,1,8,n13_r10,r10,Neutral,Right,1.0,5.885026300000391,7.0,miejsce zgromadzeń,K,21
exp1,041,1,9,n05_r14,r14,Neutral,Right,1.0,6.485505799999373,8.0,włosy/włosie,K,21
exp1,041,1,10,r01_n07,r01,Positive,Left,1.0,2.608659900000021,9.0,moda,K,21
exp1,041,1,11,n09_r04,r04,Positive,Right,1.0,4.569674999999734,9.0,pieniądze,K,21
exp1,041,1,12,r02_n10,r02,Positive,Left,1.0,4.060971300000347,9.0,zdrowie,K,21
exp1,041,1,13,r06_n04,r06,Negative,Left,1.0,2.0090363999997862,8.0,woń,K,21
exp1,041,1,14,r03_n08,r03,Positive,Left,,,,,K,21
exp1,041,1,15,r13_n14,r13,Neutral,Left,1.0,8.136226100000385,8.0,nauka,K,21
exp1,042,1,1,n07_r10,r10,Neutral,Right,1.0,6.50781730000017,10.0,przestrzeń publiczna,m,20
exp1,042,1,2,r03_n05,r03,Positive,Left,1.0,8.792492000000493,10.0,przywitanie,m,20
exp1,042,1,3,r13_n01,r13,Neutral,Left,1.0,8.026229600000079,10.0,fizyka,m,20
exp1,042,1,4,n02_r12,r12,Neutral,Right,,,,,m,20
exp1,042,1,5,r09_n09,r09,Negative,Left,0.0,5.202227799999491,2.0,?,m,20
exp1,042,1,6,n06_r08,r08,Negative,Right,1.0,6.240316000000348,0.0,?,m,20
exp1,042,1,7,r01_n15,r01,Positive,Left,1.0,4.380901300000005,10.0,moda,m,20
exp1,042,1,8,n13_r02,r02,Positive,Right,1.0,4.128977899999882,10.0,sport,m,20
exp1,042,1,9,n12_r07,r07,Negative,Right,1.0,3.844278300000042,10.0,przestępstwo,m,20
exp1,042,1,10,r14_n04,r14,Neutral,Left,1.0,6.413045999999667,6.0,pędzel,m,20
exp1,042,1,11,n11_r11,r11,Neutral,Right,1.0,6.310908800000107,9.0,samochód,m,20
exp1,042,1,12,r15_n08,r15,Positive,Left,0.0,6.255413800000497,7.0,dar pomorza,m,20
exp1,042,1,13,r06_n14,r06,Negative,Left,1.0,4.439665899999454,7.0,zapach,m,20
exp1,042,1,14,r04_n10,r04,Positive,Left,1.0,5.485186899999462,7.0,pieniądze,m,20
exp1,042,1,15,r05_n03,r05,Negative,Left,1.0,4.3558749000003445,7.0,prawo,m,20
